code_INEGI,sample_mobility,sample_mobility2,sample_mobility3,sample_cases_1,sample_cases_2,sample_cases_3
1001,1,1,1,1,1,1
1002,1,1,1,1,1,1
1003,1,1,1,1,1,1
1004,1,0,0,1,0,0
1005,1,1,1,1,1,1
1006,1,0,0,1,0,0
1007,1,1,1,1,1,1
1008,1,1,1,1,1,1
1009,0,0,0,1,1,1
1010,0,0,0,1,1,1
1011,0,0,0,1,0,0
2001,1,1,1,1,1,1
2002,1,1,1,1,1,1
2003,1,1,1,1,1,1
2004,1,1,1,1,1,1
2005,0,0,0,1,1,1
2006,0,0,0,1,0,0
3001,1,1,1,1,1,1
3002,1,1,1,1,1,1
3003,1,1,1,1,1,1
3008,0,0,0,1,1,1
3009,0,0,0,1,1,1
4001,1,1,1,1,1,1
4002,1,1,1,1,1,1
4003,1,1,1,1,1,1
4004,1,1,1,1,1,1
4005,1,1,1,1,1,1
4006,1,1,1,1,1,1
4007,0,0,0,1,1,1
4008,1,1,1,1,1,1
4009,0,0,0,1,1,1
4010,0,0,0,1,1,1
4011,0,0,0,1,1,1
5001,0,0,0,1,1,1
5002,1,1,1,1,1,1
5003,1,0,0,1,0,0
5004,1,1,1,1,1,1
5005,0,0,0,1,1,1
5006,1,1,1,1,1,1
5007,1,1,1,1,1,1
5008,0,0,0,1,1,1
5009,1,1,1,1,1,1
5010,1,1,1,1,1,1
5011,1,1,1,1,1,1
5012,0,0,0,1,1,1
5013,0,0,0,1,1,1
5014,0,0,0,1,1,1
5015,0,0,0,1,1,1
5016,0,0,0,1,0,0
5017,1,1,1,1,1,1
5018,1,1,1,1,1,1
5019,1,1,1,1,1,1
5020,1,1,1,1,1,1
5021,0,0,0,1,0,0
5022,1,1,1,1,1,1
5023,0,0,0,1,1,1
5024,1,1,1,1,1,1
5025,1,1,1,1,1,1
5026,1,1,1,1,1,1
5027,1,1,1,1,1,1
5028,1,1,1,1,1,1
5029,0,0,0,1,0,0
5030,1,1,1,1,1,1
5031,0,0,0,1,1,1
5032,0,0,0,1,1,1
5033,1,1,1,1,1,1
5034,1,1,1,1,1,1
5035,1,1,1,1,1,1
5036,1,1,1,1,1,1
5037,0,0,0,1,1,1
5038,1,1,1,1,1,1
6001,1,1,1,1,1,1
6002,1,1,1,1,1,1
6003,1,1,1,1,1,1
6004,1,1,1,1,1,1
6005,1,1,1,1,1,1
6006,0,0,0,1,1,1
6007,1,1,1,1,1,1
6008,0,0,0,1,1,1
6009,1,1,1,1,1,1
6010,1,0,0,1,0,0
7001,0,0,0,1,1,1
7002,1,1,1,1,1,1
7003,1,1,1,1,1,1
7004,0,0,0,1,1,1
7005,0,0,0,1,1,1
7006,1,0,0,1,0,0
7007,0,0,0,1,0,0
7008,1,1,1,1,1,1
7009,1,1,1,1,1,1
7010,0,0,0,1,0,0
7011,1,0,0,1,0,0
7012,1,0,0,1,0,0
7013,1,1,1,1,1,1
7014,0,0,0,1,1,1
7015,1,1,1,1,1,1
7016,0,0,0,1,1,1
7017,1,1,1,1,1,1
7018,0,0,0,1,0,0
7019,1,1,1,1,1,1
7020,1,1,1,1,1,1
7021,1,1,1,1,1,1
7022,0,0,0,1,0,0
7023,1,0,0,1,0,0
7024,0,0,0,1,0,0
7025,0,0,0,1,0,0
7026,0,0,0,1,1,1
7027,1,1,1,1,1,0
7028,0,0,0,1,1,1
7029,0,0,0,1,0,0
7030,1,1,1,1,1,1
7031,1,1,1,1,1,1
7032,1,1,1,1,1,1
7033,0,0,0,1,0,0
7034,1,1,1,1,1,1
7035,0,0,0,1,0,0
7036,0,0,0,1,1,1
7037,1,1,1,1,1,1
7038,0,0,0,1,1,1
7039,0,0,0,1,1,1
7040,1,1,1,1,1,1
7041,0,0,0,1,1,1
7042,0,0,0,1,0,0
7043,0,0,0,1,1,1
7044,0,0,0,1,1,1
7045,0,0,0,1,0,0
7046,1,1,1,1,1,1
7047,0,0,0,1,1,1
7048,1,1,1,1,1,1
7049,0,0,0,1,1,1
7050,0,0,0,1,1,1
7051,1,1,1,1,1,1
7052,1,1,1,1,1,1
7053,0,0,0,1,1,1
7054,1,1,1,1,1,1
7055,0,0,0,1,0,0
7056,0,0,0,1,1,1
7057,1,1,1,1,1,1
7058,0,0,0,1,0,0
7059,1,1,1,1,1,1
7060,0,0,0,1,0,0
7061,1,1,1,1,1,1
7062,1,1,1,1,1,1
7063,0,0,0,1,1,1
7064,0,0,0,1,1,1
7065,1,1,1,1,1,1
7066,0,0,0,1,0,0
7067,0,0,0,1,1,1
7068,1,1,1,1,1,1
7069,1,1,1,1,1,1
7070,0,0,0,1,0,0
7071,1,1,1,1,1,1
7072,1,1,1,1,1,1
7073,0,0,0,1,0,0
7074,1,1,1,1,1,1
7075,1,1,1,1,1,1
7076,0,0,0,1,1,1
7077,1,1,1,1,1,1
7078,1,1,1,1,1,1
7079,1,1,1,1,1,1
7080,1,1,1,1,1,1
7081,1,0,0,1,0,0
7082,0,0,0,1,1,1
7083,0,0,0,1,1,1
7084,0,0,0,1,0,0
7085,0,0,0,1,0,0
7086,1,1,1,1,1,1
7087,1,1,1,1,1,1
7088,0,0,0,1,0,0
7089,1,1,1,1,1,1
7090,0,0,0,1,0,0
7091,0,0,0,1,0,0
7092,1,1,1,1,1,1
7093,0,0,0,1,0,0
7094,1,1,1,1,1,1
7096,0,0,0,1,1,1
7097,1,1,1,1,1,1
7098,0,0,0,1,0,0
7099,1,1,1,1,1,1
7100,0,0,0,1,1,1
7101,1,1,1,1,1,1
7102,1,1,1,1,1,1
7103,1,1,1,1,1,1
7104,1,1,1,1,1,1
7105,0,0,0,1,0,0
7106,1,1,1,1,1,1
7107,1,1,1,1,1,1
7108,1,1,1,1,1,1
7109,1,0,0,1,0,0
7110,0,0,0,1,0,0
7111,1,1,1,1,1,1
7112,0,0,0,1,1,1
7113,0,0,0,1,0,0
7114,0,0,0,1,1,1
7115,0,0,0,1,1,1
7116,0,0,0,1,1,1
7117,0,0,0,1,0,0
7118,0,0,0,1,0,0
7119,0,0,0,1,0,0
7120,0,0,0,1,0,0
7121,0,0,0,1,0,0
7122,0,0,0,1,0,0
7123,0,0,0,1,0,0
7124,0,0,0,1,0,0
8001,1,1,1,1,1,1
8002,1,1,1,1,1,1
8003,1,1,1,1,1,1
8004,1,1,1,1,1,1
8005,1,1,1,1,1,1
8006,0,0,0,1,1,1
8007,0,0,0,1,1,1
8008,0,0,0,1,0,0
8009,1,1,1,1,1,1
8010,1,1,1,1,1,1
8011,1,1,1,1,1,1
8012,0,0,0,1,1,1
8013,1,1,1,1,1,1
8014,0,0,0,1,1,1
8015,0,0,0,1,1,0
8016,1,1,1,1,1,1
8017,1,1,1,1,1,1
8018,0,0,0,1,1,1
8019,1,1,1,1,1,1
8020,0,0,0,1,1,1
8021,1,1,1,1,1,1
8022,0,0,0,1,1,1
8023,0,0,0,1,1,1
8024,0,0,0,1,1,1
8025,0,0,0,1,1,1
8026,1,1,1,1,1,1
8027,0,0,0,1,1,1
8028,0,0,0,1,1,1
8029,1,1,1,1,1,1
8030,0,0,0,1,1,1
8031,1,1,1,1,1,1
8032,0,0,0,1,1,1
8033,0,0,0,1,0,0
8034,1,1,1,1,1,1
8035,1,1,1,1,1,1
8036,1,1,1,1,1,1
8037,1,1,1,1,1,1
8038,1,1,1,1,1,1
8039,0,0,0,1,1,1
8040,1,1,1,1,1,1
8041,0,0,0,1,0,0
8042,0,0,0,1,1,0
8043,0,0,0,1,1,1
8044,1,1,1,1,1,1
8045,1,1,1,1,1,1
8046,0,0,0,1,0,0
8047,0,0,0,1,1,1
8048,1,1,1,1,1,1
8049,0,0,0,1,1,1
8050,0,0,0,1,1,1
8051,0,0,0,1,1,1
8052,1,1,1,1,1,1
8053,0,0,0,1,1,1
8054,0,0,0,1,1,1
8055,0,0,0,1,1,1
8056,0,0,0,1,1,0
8057,0,0,0,1,1,1
8058,0,0,0,1,1,1
8059,0,0,0,1,1,1
8060,1,1,1,1,1,1
8061,0,0,0,1,1,1
8062,1,1,1,1,1,1
8063,1,1,1,1,1,1
8064,0,0,0,1,1,1
8065,0,0,0,1,1,1
8066,0,0,0,1,0,0
8067,0,0,0,1,1,1
9002,1,0,0,1,0,0
9003,1,0,0,1,0,0
9004,1,0,0,1,0,0
9005,1,0,0,1,0,0
9006,1,0,0,1,0,0
9007,1,1,1,1,1,1
9008,1,0,0,1,0,0
9009,1,1,1,1,1,1
9010,1,1,1,1,1,1
9011,1,0,0,1,0,0
9012,1,1,1,1,1,1
9013,1,1,1,1,1,1
9014,1,0,0,1,0,0
9015,1,0,0,1,0,0
9016,1,0,0,1,0,0
9017,1,0,0,1,0,0
10001,1,1,1,1,1,1
10002,0,0,0,1,1,1
10003,0,0,0,1,1,1
10004,1,1,1,1,1,1
10005,1,1,1,1,1,1
10006,0,0,0,1,1,1
10007,1,1,1,1,1,1
10008,1,1,1,1,1,1
10009,1,1,1,1,1,1
10010,0,0,0,1,1,1
10011,1,1,1,1,1,1
10012,1,1,1,1,1,1
10013,1,1,1,1,1,1
10014,0,0,0,1,1,1
10015,0,0,0,1,1,1
10016,1,1,1,1,1,1
10017,0,0,0,1,1,1
10018,0,0,0,1,1,1
10019,0,0,0,1,1,1
10020,1,1,1,1,1,1
10021,0,0,0,1,1,1
10022,1,1,1,1,1,1
10023,1,1,1,1,1,1
10024,0,0,0,1,1,1
10025,0,0,0,1,1,1
10026,1,1,1,1,1,1
10027,0,0,0,1,1,1
10028,0,0,0,1,1,1
10029,0,0,0,1,1,1
10030,0,0,0,1,0,0
10031,0,0,0,1,1,1
10032,1,1,1,1,1,1
10033,0,0,0,1,1,1
10034,1,1,1,1,1,1
10035,1,1,1,1,1,1
10036,1,1,1,1,1,1
10037,0,0,0,1,1,1
10038,1,0,0,1,0,0
10039,0,0,0,1,1,1
11001,1,1,1,1,1,1
11002,1,1,1,1,1,1
11003,1,1,1,1,1,1
11004,1,1,1,1,1,1
11005,1,1,1,1,1,1
11006,0,0,0,1,0,0
11007,1,1,1,1,1,1
11008,1,1,1,1,1,1
11009,1,1,1,1,1,1
11010,0,0,0,1,0,0
11011,1,1,1,1,1,1
11012,1,1,1,1,1,1
11013,1,0,0,1,0,0
11014,1,1,1,1,1,1
11015,1,1,1,1,1,1
11016,1,1,1,1,1,1
11017,1,1,1,1,1,1
11018,1,0,0,1,0,0
11019,1,1,1,1,1,1
11020,1,1,1,1,1,1
11021,1,0,0,1,0,0
11022,1,1,1,1,1,1
11023,1,1,1,1,1,1
11024,0,0,0,1,1,1
11025,1,1,1,1,1,1
11026,1,1,1,1,1,1
11027,1,1,1,1,1,1
11028,1,1,1,1,1,1
11029,1,1,1,1,1,1
11030,1,1,1,1,1,1
11031,1,1,1,1,1,1
11032,1,1,1,1,1,1
11033,1,1,1,1,1,1
11034,0,0,0,1,1,1
11035,1,1,1,1,1,1
11036,0,0,0,1,0,0
11037,1,1,1,1,1,1
11038,1,0,0,1,0,0
11039,1,0,0,1,0,0
11040,1,1,1,1,1,1
11041,1,0,0,1,0,0
11042,1,1,1,1,1,1
11043,1,1,1,1,1,1
11044,1,1,1,1,1,1
11045,1,1,1,1,1,1
11046,1,1,1,1,1,1
12001,1,1,1,1,1,1
12002,0,0,0,1,1,1
12003,0,0,0,1,0,0
12004,0,0,0,1,1,1
12005,0,0,0,1,0,0
12006,1,1,1,1,1,1
12007,1,1,1,1,1,1
12008,0,0,0,1,1,1
12009,0,0,0,1,0,0
12010,0,0,0,1,1,1
12011,1,1,1,1,1,1
12012,1,1,1,1,1,1
12013,1,1,1,1,1,1
12014,1,0,0,1,0,0
12015,0,0,0,1,1,1
12016,1,1,1,1,1,1
12017,0,0,0,1,1,1
12018,1,1,1,1,1,1
12019,0,0,0,1,1,1
12020,0,0,0,1,1,1
12021,1,1,1,1,1,1
12022,1,1,1,1,1,1
12023,1,1,1,1,1,1
12024,0,0,0,1,1,1
12025,0,0,0,1,1,1
12026,1,1,1,1,1,1
12027,1,1,1,1,1,1
12028,0,0,0,1,1,1
12029,1,1,1,1,1,1
12030,1,1,1,1,1,1
12031,0,0,0,1,1,1
12032,1,1,1,1,1,1
12033,0,0,0,1,1,1
12034,0,0,0,1,1,1
12035,1,0,0,1,0,0
12036,1,1,1,1,1,1
12037,0,0,0,1,1,1
12038,0,0,0,1,1,1
12039,1,0,0,1,0,0
12040,0,0,0,1,1,1
12041,1,1,1,1,1,1
12042,0,0,0,1,1,1
12043,0,0,0,1,1,1
12044,0,0,0,1,1,1
12045,1,1,1,1,1,1
12046,0,0,0,1,1,1
12047,1,1,1,1,1,0
12048,1,1,1,1,1,1
12049,0,0,0,1,0,0
12050,1,0,0,1,0,0
12051,1,1,1,1,1,1
12052,1,1,1,1,1,1
12053,1,1,1,1,1,1
12054,0,0,0,1,1,1
12055,1,1,1,1,1,1
12056,1,1,1,1,1,1
12057,1,1,1,1,1,1
12058,1,1,1,1,1,1
12059,1,1,1,1,1,1
12060,1,0,0,1,0,0
12061,1,1,1,1,1,1
12062,0,0,0,1,1,1
12063,0,0,0,1,0,0
12064,1,1,1,1,1,1
12065,0,0,0,1,1,1
12066,1,1,1,1,1,1
12067,1,1,1,1,1,1
12068,0,0,0,1,1,1
12069,0,0,0,1,0,0
12070,0,0,0,1,0,0
12071,0,0,0,1,1,1
12072,0,0,0,1,1,1
12073,0,0,0,1,1,1
12074,0,0,0,1,1,1
12075,1,1,1,1,1,1
12076,0,0,0,1,0,0
12077,0,0,0,1,1,1
12078,0,0,0,1,1,1
12079,0,0,0,1,0,0
12080,0,0,0,1,1,1
12081,0,0,0,1,1,1
13001,1,0,0,1,0,0
13002,1,1,1,1,1,1
13003,0,0,0,1,1,1
13004,0,0,0,1,1,1
13005,1,0,0,1,0,0
13006,1,1,1,1,1,1
13007,0,0,0,1,1,1
13008,1,1,1,1,1,1
13009,0,0,0,1,1,1
13010,0,0,0,1,1,1
13011,0,0,0,1,1,1
13012,0,0,0,1,1,1
13013,1,1,1,1,1,1
13014,0,0,0,1,1,1
13015,0,0,0,1,1,1
13016,1,1,1,1,1,1
13017,0,0,0,1,0,0
13018,1,0,0,1,0,0
13019,1,1,1,1,1,1
13020,0,0,0,1,1,1
13021,1,0,0,1,0,0
13022,1,0,0,1,0,0
13023,1,1,1,1,1,1
13024,1,1,1,1,1,1
13025,1,1,1,1,1,1
13026,0,0,0,1,0,0
13027,0,0,0,1,0,0
13028,1,1,1,1,1,1
13029,1,1,1,1,1,1
13030,1,1,1,1,1,1
13031,0,0,0,1,1,1
13032,0,0,0,1,0,0
13033,0,0,0,1,1,1
13034,0,0,0,1,1,1
13035,1,1,1,1,1,1
13036,0,0,0,1,0,0
13037,1,1,1,1,1,1
13038,1,1,1,1,1,1
13039,0,0,0,1,0,0
13040,0,0,0,1,1,1
13041,1,1,1,1,1,1
13042,1,0,0,1,0,0
13043,0,0,0,1,1,1
13044,1,1,1,1,1,1
13045,0,0,0,1,0,0
13046,1,0,0,1,0,0
13047,0,0,0,1,0,0
13048,1,0,0,1,0,0
13049,0,0,0,1,0,0
13050,1,0,0,1,0,0
13051,0,0,0,1,1,1
13052,1,1,1,1,1,1
13053,1,0,0,1,0,0
13054,1,0,0,1,0,0
13055,0,0,0,1,1,1
13056,1,0,0,1,0,0
13057,1,1,1,1,1,1
13058,1,1,1,1,1,1
13059,1,1,1,1,1,1
13060,0,0,0,1,1,1
13061,1,0,0,1,0,0
13062,1,1,1,1,1,1
13063,1,1,1,1,1,1
13064,0,0,0,1,1,1
13065,0,0,0,1,0,0
13066,1,0,0,1,0,0
13067,1,0,0,1,0,0
13068,0,0,0,1,0,0
13069,1,0,0,1,0,0
13070,0,0,0,1,0,0
13071,0,0,0,1,0,0
13072,1,0,0,1,0,0
13073,1,1,1,1,1,1
13074,1,0,0,1,0,0
13075,1,0,0,1,0,0
13076,1,1,1,1,1,1
13077,1,0,0,1,0,0
13078,0,0,0,1,0,0
13079,0,0,0,1,1,1
13080,0,0,0,1,1,1
13081,0,0,0,1,0,0
13082,1,0,0,1,0,0
13083,1,1,1,1,1,1
13084,1,1,1,1,1,1
14001,1,1,1,1,1,1
14002,1,0,0,1,0,0
14003,1,1,1,1,1,1
14004,0,0,0,1,1,1
14005,1,0,0,1,0,0
14006,1,1,1,1,1,1
14007,1,0,0,1,0,0
14008,1,1,1,1,1,1
14009,1,1,1,1,1,1
14010,0,0,0,1,1,1
14011,0,0,0,1,0,0
14012,1,1,1,1,1,1
14013,0,0,0,1,1,1
14014,1,1,1,1,1,1
14015,1,1,1,1,1,1
14016,1,1,1,1,1,1
14017,1,1,1,1,1,1
14018,1,1,1,1,1,1
14019,0,0,0,1,1,1
14020,1,1,1,1,1,1
14021,1,1,1,1,1,1
14022,1,1,1,1,1,1
14023,0,0,0,1,1,1
14024,1,1,1,1,1,1
14025,1,1,1,1,1,1
14026,1,1,1,1,1,1
14027,1,1,1,1,1,1
14028,0,0,0,1,1,1
14029,0,0,0,1,1,1
14030,1,1,1,1,1,1
14031,0,0,0,1,0,0
14032,1,0,0,1,0,0
14033,1,1,1,1,1,1
14034,0,0,0,1,1,1
14035,1,1,1,1,1,1
14036,0,0,0,1,1,1
14037,1,1,1,1,1,1
14038,0,0,0,1,1,1
14039,1,0,0,1,0,0
14040,1,1,1,1,1,1
14041,0,0,0,1,1,1
14042,0,0,0,1,1,1
14043,1,1,1,1,1,1
14044,1,1,1,1,1,1
14045,1,1,1,1,1,1
14046,1,1,1,1,1,1
14047,0,0,0,1,1,1
14048,1,1,1,1,1,1
14049,0,0,0,1,1,1
14050,1,1,1,1,1,1
14051,1,0,0,1,0,0
14052,0,0,0,1,1,1
14053,1,1,1,1,1,1
14054,0,0,0,1,0,0
14055,0,0,0,1,1,1
14056,0,0,0,1,1,0
14057,0,0,0,1,0,0
14058,1,1,1,1,1,1
14059,1,1,1,1,1,1
14060,0,0,0,1,1,1
14061,0,0,0,1,1,1
14062,0,0,0,1,1,1
14063,1,1,1,1,1,1
14064,1,1,1,1,1,1
14065,0,0,0,1,1,1
14066,1,1,1,1,1,1
14067,1,1,1,1,1,1
14068,1,1,1,1,1,1
14069,0,0,0,1,1,1
14070,1,1,1,1,1,1
14071,1,1,1,1,1,1
14072,0,0,0,1,1,1
14073,1,1,1,1,1,1
14074,1,1,1,1,1,1
14075,0,0,0,1,1,1
14076,0,0,0,1,1,1
14077,1,1,1,1,1,1
14078,1,1,1,1,1,1
14079,1,1,1,1,1,1
14080,0,0,0,1,1,1
14081,1,1,1,1,1,1
14082,1,1,1,1,1,1
14083,1,1,1,1,1,1
14084,1,1,1,1,1,1
14085,1,1,1,1,1,1
14086,1,1,1,1,1,1
14087,1,1,1,1,1,1
14088,1,1,1,1,1,1
14089,0,0,0,1,0,0
14090,0,0,0,1,1,1
14091,1,1,1,1,1,1
14092,0,0,0,1,1,1
14093,1,1,1,1,1,1
14094,1,1,1,1,1,1
14095,1,1,1,1,1,1
14096,0,0,0,1,1,1
14097,1,1,1,1,1,1
14098,1,1,1,1,1,1
14099,0,0,0,1,1,1
14100,1,1,1,1,1,1
14101,1,0,0,1,0,0
14102,0,0,0,1,1,1
14103,0,0,0,1,0,0
14104,0,0,0,1,1,1
14105,1,1,1,1,1,1
14106,0,0,0,1,1,1
14107,0,0,0,1,0,0
14108,1,1,1,1,1,1
14109,1,1,1,1,1,1
14110,1,1,1,1,1,1
14111,1,1,1,1,1,1
14112,0,0,0,1,0,0
14113,0,0,0,1,1,1
14114,1,1,1,1,1,1
14115,0,0,0,1,1,1
14116,1,1,1,1,1,1
14117,0,0,0,1,0,0
14118,1,1,1,1,1,1
14119,1,1,1,1,1,1
14120,1,1,1,1,1,1
14121,1,1,1,1,1,1
14122,0,0,0,1,1,1
14123,1,1,1,1,1,1
14124,1,1,1,1,1,1
14125,0,0,0,1,0,0
15001,1,1,1,1,1,1
15002,1,0,0,1,0,0
15003,1,1,1,1,1,1
15004,0,0,0,1,1,1
15005,1,1,1,1,1,1
15006,0,0,0,1,0,0
15007,0,0,0,1,1,1
15008,1,1,1,1,1,1
15009,0,0,0,1,0,0
15010,1,0,0,1,0,0
15011,1,0,0,1,0,0
15012,0,0,0,1,0,0
15013,1,1,1,1,1,1
15014,1,1,1,1,1,1
15015,0,0,0,1,1,1
15016,1,1,1,1,1,1
15017,1,0,0,1,0,0
15018,1,0,0,1,0,0
15019,1,0,0,1,0,0
15020,1,0,0,1,0,0
15021,1,1,1,1,1,1
15022,1,1,1,1,1,1
15023,1,0,0,1,0,0
15024,1,0,0,1,0,0
15025,1,0,0,1,0,0
15026,1,0,0,1,0,0
15027,1,0,0,1,0,0
15028,1,1,1,1,1,1
15029,1,1,1,1,1,1
15030,1,0,0,1,0,0
15031,1,0,0,1,0,0
15032,1,1,1,1,1,1
15033,1,1,1,1,1,1
15034,0,0,0,1,0,0
15035,1,0,0,1,0,0
15036,1,1,1,1,1,1
15037,1,0,0,1,0,0
15038,1,1,1,1,1,1
15039,1,1,1,1,1,1
15040,1,0,0,1,0,0
15041,0,0,0,1,1,1
15042,1,1,1,1,1,1
15043,0,0,0,1,0,0
15044,1,0,0,1,0,0
15045,1,1,1,1,1,1
15046,1,0,0,1,0,0
15047,1,1,1,1,1,1
15048,1,1,1,1,1,1
15049,1,0,0,1,0,0
15050,1,1,1,1,1,1
15051,1,1,1,1,1,1
15052,0,0,0,1,0,0
15053,1,0,0,1,0,0
15054,1,1,1,1,1,1
15055,0,0,0,1,0,0
15056,1,1,1,1,1,1
15057,1,0,0,1,0,0
15058,1,0,0,1,0,0
15059,1,1,1,1,1,1
15060,1,0,0,1,0,0
15061,0,0,0,1,0,0
15062,1,1,1,1,1,1
15063,1,1,1,1,1,1
15064,1,0,0,1,0,0
15065,0,0,0,1,0,0
15066,1,0,0,1,0,0
15067,1,1,1,1,1,1
15068,0,0,0,1,0,0
15069,1,0,0,1,0,0
15070,1,0,0,1,0,0
15071,1,0,0,1,0,0
15072,1,0,0,1,0,0
15073,0,0,0,1,0,0
15074,1,1,1,1,1,1
15075,1,1,1,1,1,1
15076,1,0,0,1,0,0
15077,1,0,0,1,0,0
15078,1,0,0,1,0,0
15079,1,0,0,1,0,0
15080,0,0,0,1,1,1
15081,1,0,0,1,0,0
15082,1,1,1,1,1,1
15083,0,0,0,1,0,0
15084,1,1,1,1,1,1
15085,1,1,1,1,1,1
15086,1,1,1,1,1,1
15087,1,0,0,1,0,0
15088,0,0,0,1,0,0
15089,1,0,0,1,0,0
15090,1,1,1,1,1,1
15091,1,0,0,1,0,0
15092,1,0,0,1,0,0
15093,1,0,0,1,0,0
15094,1,0,0,1,0,0
15095,1,1,1,1,1,1
15096,1,0,0,1,0,0
15097,1,0,0,1,0,0
15098,1,0,0,1,0,0
15099,1,0,0,1,0,0
15100,1,0,0,1,0,0
15101,1,0,0,1,0,0
15102,1,1,1,1,1,1
15103,1,1,1,1,1,1
15104,0,0,0,1,0,0
15105,1,1,1,1,1,1
15106,1,0,0,1,0,0
15107,0,0,0,1,0,0
15108,1,0,0,1,0,0
15109,1,0,0,1,0,0
15110,1,1,1,1,1,1
15111,1,1,1,1,1,1
15112,1,0,0,1,0,0
15113,1,1,1,1,1,1
15114,1,1,1,1,1,1
15115,1,0,0,1,0,0
15116,0,0,0,1,1,1
15117,0,0,0,1,1,1
15118,0,0,0,1,1,1
15119,1,1,1,1,1,1
15120,1,0,0,1,0,0
15121,1,0,0,1,0,0
15122,0,0,0,1,0,0
15123,0,0,0,1,1,1
15124,0,0,0,1,1,1
15125,0,0,0,1,0,0
16001,0,0,0,1,0,0
16002,0,0,0,1,1,1
16003,1,1,1,1,1,1
16004,1,0,0,1,0,0
16005,0,0,0,1,0,0
16006,1,1,1,1,1,1
16007,0,0,0,1,0,0
16008,1,1,1,1,1,1
16009,1,1,1,1,1,1
16010,1,1,1,1,1,1
16011,0,0,0,1,1,1
16012,1,1,1,1,1,1
16013,0,0,0,1,1,1
16014,1,1,1,1,1,1
16015,1,1,1,1,1,1
16016,1,1,1,1,1,1
16017,1,1,1,1,1,1
16018,0,0,0,1,1,1
16019,1,1,1,1,1,1
16020,1,1,1,1,1,1
16021,0,0,0,1,1,1
16022,1,1,1,1,1,1
16023,0,0,0,1,1,1
16024,1,1,1,1,1,1
16025,1,1,1,1,1,1
16026,0,0,0,1,1,1
16027,0,0,0,1,1,1
16028,0,0,0,1,1,1
16029,0,0,0,1,1,1
16030,1,1,1,1,1,1
16031,0,0,0,1,1,1
16032,1,1,1,1,1,1
16033,1,1,1,1,1,1
16034,1,1,1,1,1,1
16035,1,1,1,1,1,1
16036,1,0,0,1,0,0
16037,0,0,0,1,1,1
16038,1,1,1,1,1,1
16039,0,0,0,1,0,0
16040,1,0,0,1,0,0
16041,1,1,1,1,1,1
16042,1,0,0,1,0,0
16043,1,0,0,1,0,0
16044,0,0,0,1,1,1
16045,1,0,0,1,0,0
16046,1,0,0,1,0,0
16047,1,0,0,1,0,0
16048,0,0,0,1,0,0
16049,0,0,0,1,1,1
16050,1,1,1,1,1,1
16051,1,1,1,1,1,1
16052,1,1,1,1,1,1
16053,1,1,1,1,1,1
16054,0,0,0,1,0,0
16055,1,0,0,1,0,0
16056,1,1,1,1,1,1
16057,0,0,0,1,1,1
16058,1,1,1,1,1,1
16059,0,0,0,1,1,1
16060,1,0,0,1,0,0
16061,0,0,0,1,1,1
16062,1,0,0,1,0,0
16063,1,0,0,1,0,0
16064,1,1,1,1,1,1
16065,1,0,0,1,0,0
16066,1,1,1,1,1,1
16067,1,1,1,1,1,1
16068,1,1,1,1,1,1
16069,1,0,0,1,0,0
16070,1,0,0,1,0,0
16071,1,1,1,1,1,1
16072,1,1,1,1,1,1
16073,1,1,1,1,1,1
16074,0,0,0,1,0,0
16075,1,1,1,1,1,1
16076,1,1,1,1,1,1
16077,1,1,1,1,1,1
16078,0,0,0,1,0,0
16079,1,1,1,1,1,1
16080,0,0,0,1,1,1
16081,0,0,0,1,1,1
16082,1,1,1,1,1,1
16083,0,0,0,1,1,1
16084,1,1,1,1,1,1
16085,1,1,1,1,1,1
16086,1,1,1,1,1,1
16087,1,0,0,1,0,0
16088,1,0,0,1,0,0
16089,1,1,1,1,1,1
16090,1,0,0,1,0,0
16091,1,1,1,1,1,1
16092,0,0,0,1,1,1
16093,1,0,0,1,0,0
16094,0,0,0,1,0,0
16095,0,0,0,1,1,1
16096,0,0,0,1,1,1
16097,1,1,1,1,1,1
16098,1,1,1,1,1,1
16099,1,1,1,1,1,1
16100,1,0,0,1,0,0
16101,0,0,0,1,1,1
16102,1,1,1,1,1,1
16103,1,0,0,1,0,0
16104,1,1,1,1,1,1
16105,1,0,0,1,0,0
16106,1,0,0,1,0,0
16107,1,1,1,1,1,1
16108,1,1,1,1,1,1
16109,0,0,0,1,1,1
16110,1,1,1,1,1,1
16111,1,1,1,1,1,1
16112,1,1,1,1,1,1
16113,1,0,0,1,0,0
17001,1,1,1,1,1,1
17002,1,0,0,1,0,0
17003,1,0,0,1,0,0
17004,1,1,1,1,1,1
17005,1,0,0,1,0,0
17006,1,0,0,1,0,0
17007,1,1,1,1,1,1
17008,0,0,0,1,0,0
17009,1,1,1,1,1,1
17010,0,0,0,1,0,0
17011,1,0,0,1,0,0
17012,1,1,1,1,1,1
17013,1,0,0,1,0,0
17014,1,0,0,1,0,0
17015,1,0,0,1,0,0
17016,1,0,0,1,0,0
17017,1,0,0,1,0,0
17018,1,0,0,1,0,0
17019,1,1,1,1,1,1
17020,1,0,0,1,0,0
17021,0,0,0,1,1,1
17022,0,0,0,1,0,0
17023,1,0,0,1,0,0
17024,0,0,0,1,0,0
17025,1,1,1,1,1,1
17026,1,0,0,1,0,0
17027,1,0,0,1,0,0
17028,1,1,1,1,1,1
17029,1,1,1,1,1,1
17030,1,1,1,1,1,1
17031,0,0,0,1,0,0
17032,0,0,0,1,0,0
17033,1,0,0,1,0,0
17034,0,0,0,1,0,0
17035,0,0,0,1,0,0
18001,1,1,1,1,1,1
18002,1,1,1,1,1,1
18003,1,1,1,1,1,1
18004,1,1,1,1,1,1
18005,0,0,0,1,1,1
18006,0,0,0,1,1,1
18007,1,1,1,1,1,1
18008,0,0,0,1,1,1
18009,0,0,0,1,1,1
18010,1,1,1,1,1,1
18011,0,0,0,1,0,0
18012,1,1,1,1,1,1
18013,0,0,0,1,1,1
18014,1,1,1,1,1,1
18015,1,1,1,1,1,1
18016,1,1,1,1,1,1
18017,1,1,1,1,1,1
18018,1,0,0,1,0,0
18019,0,0,0,1,1,1
18020,0,0,0,1,1,1
19001,1,0,0,1,0,0
19002,0,0,0,1,1,1
19003,0,0,0,1,1,1
19004,1,0,0,1,0,0
19005,1,1,1,1,1,1
19006,1,0,0,1,0,0
19007,1,1,1,1,1,1
19008,0,0,0,1,1,1
19009,1,1,1,1,1,1
19010,1,0,0,1,0,0
19011,1,0,0,1,0,0
19012,1,0,0,1,0,0
19013,1,1,1,1,1,1
19014,1,1,1,1,1,1
19015,0,0,0,1,1,1
19016,0,0,0,1,1,1
19017,1,1,1,1,1,1
19018,1,1,1,1,1,1
19019,1,0,0,1,0,0
19020,1,1,1,1,1,0
19021,1,0,0,1,0,0
19022,1,1,1,1,1,1
19023,0,0,0,1,1,1
19024,0,0,0,1,1,1
19025,1,1,1,1,1,1
19026,1,0,0,1,0,0
19027,0,0,0,1,1,1
19028,0,0,0,1,1,1
19029,0,0,0,1,0,0
19030,0,0,0,1,1,1
19031,1,0,0,1,0,0
19032,0,0,0,1,1,1
19033,1,1,1,1,1,1
19034,1,0,0,1,0,0
19035,0,0,0,1,1,1
19036,0,0,0,1,1,1
19037,0,0,0,1,1,0
19038,1,1,1,1,1,1
19039,1,1,1,1,1,1
19040,0,0,0,1,1,1
19041,1,1,1,1,1,1
19042,0,0,0,1,1,1
19043,0,0,0,1,1,1
19044,1,1,1,1,1,1
19045,1,1,1,1,1,1
19046,1,1,1,1,1,1
19047,1,1,1,1,1,1
19048,1,1,1,1,1,1
19049,1,1,1,1,1,1
19050,0,0,0,1,1,1
19051,0,0,0,1,1,1
20001,1,0,0,1,0,0
20002,0,0,0,1,1,1
20003,1,0,0,1,0,0
20004,1,0,0,1,0,0
20005,1,1,1,1,1,1
20006,1,1,1,1,1,1
20007,1,0,0,1,0,0
20008,1,0,0,1,0,0
20009,1,0,0,1,0,0
20010,1,0,0,1,0,0
20011,1,0,0,1,0,0
20012,1,0,0,1,0,0
20013,1,1,1,1,1,1
20014,1,0,0,1,0,0
20015,1,0,0,1,0,0
20016,1,1,1,1,1,1
20017,1,0,0,1,0,0
20018,1,0,0,1,0,0
20019,1,0,0,1,0,0
20020,1,1,1,1,1,1
20021,1,0,0,1,0,0
20022,1,0,0,1,0,0
20023,1,0,0,1,0,0
20024,1,0,0,1,0,0
20025,1,0,0,1,0,0
20026,1,0,0,1,0,0
20027,1,0,0,1,0,0
20028,1,1,1,1,1,1
20029,0,0,0,1,0,0
20030,1,0,0,1,0,0
20031,0,0,0,1,1,1
20032,0,0,0,1,0,0
20033,0,0,0,1,0,0
20034,0,0,0,1,0,0
20035,0,0,0,1,0,0
20036,0,0,0,1,1,0
20037,0,0,0,1,1,1
20038,0,0,0,1,0,0
20039,0,0,0,1,0,0
20040,0,0,0,1,1,1
20041,0,0,0,1,0,0
20042,0,0,0,1,1,1
20043,0,0,0,1,1,1
20044,0,0,0,1,1,1
20045,0,0,0,1,0,0
20046,0,0,0,1,1,1
20047,0,0,0,1,0,0
20048,0,0,0,1,1,1
20049,0,0,0,1,0,0
20050,0,0,0,1,0,0
20051,0,0,0,1,0,0
20052,0,0,0,1,1,1
20053,0,0,0,1,0,0
20054,0,0,0,1,0,0
20055,0,0,0,1,1,1
20056,0,0,0,1,0,0
20057,0,0,0,1,1,1
20058,0,0,0,1,1,1
20059,0,0,0,1,1,1
20060,0,0,0,1,0,0
20061,0,0,0,1,0,0
20062,0,0,0,1,0,0
20063,0,0,0,1,0,0
20064,0,0,0,1,0,0
20065,0,0,0,1,1,1
20066,0,0,0,1,1,1
20067,0,0,0,1,1,1
20068,0,0,0,1,1,1
20069,0,0,0,1,0,0
20070,0,0,0,1,1,1
20071,0,0,0,1,1,1
20072,0,0,0,1,0,0
20073,0,0,0,1,0,0
20074,0,0,0,1,0,0
20075,0,0,0,1,0,0
20076,0,0,0,1,1,1
20077,0,0,0,1,0,0
20078,0,0,0,1,0,0
20079,0,0,0,1,1,1
20080,0,0,0,1,0,0
20081,0,0,0,1,0,0
20082,0,0,0,1,1,1
20083,0,0,0,1,0,0
20084,0,0,0,1,0,0
20085,0,0,0,1,1,1
20086,0,0,0,1,0,0
20087,0,0,0,1,0,0
20088,0,0,0,1,1,1
20089,0,0,0,1,1,1
20090,0,0,0,1,0,0
20091,0,0,0,1,0,0
20092,0,0,0,1,0,0
20093,0,0,0,1,0,0
20094,0,0,0,1,0,0
20095,0,0,0,1,0,0
20096,0,0,0,1,0,0
20097,0,0,0,1,0,0
20098,0,0,0,1,0,0
20099,0,0,0,1,0,0
20100,0,0,0,1,0,0
20101,0,0,0,1,0,0
20102,0,0,0,1,0,0
20103,0,0,0,1,0,0
20104,0,0,0,1,0,0
20105,0,0,0,1,0,0
20106,0,0,0,1,0,0
20107,0,0,0,1,0,0
20108,0,0,0,1,1,1
20109,0,0,0,1,0,0
20110,0,0,0,1,0,0
20111,0,0,0,1,1,1
20112,0,0,0,1,0,0
20113,0,0,0,1,0,0
20114,0,0,0,1,0,0
20115,0,0,0,1,0,0
20116,0,0,0,1,0,0
20117,0,0,0,1,0,0
20118,0,0,0,1,0,0
20119,0,0,0,1,1,1
20120,0,0,0,1,0,0
20121,0,0,0,1,0,0
20122,0,0,0,1,0,0
20123,0,0,0,1,0,0
20124,0,0,0,1,1,1
20125,0,0,0,1,1,1
20126,0,0,0,1,0,0
20127,0,0,0,1,0,0
20128,0,0,0,1,0,0
20129,0,0,0,1,0,0
20130,0,0,0,1,1,1
20131,0,0,0,1,1,1
20132,0,0,0,1,0,0
20133,0,0,0,1,1,1
20134,0,0,0,1,1,1
20135,0,0,0,1,0,0
20136,0,0,0,1,0,0
20137,0,0,0,1,1,1
20138,0,0,0,1,0,0
20139,0,0,0,1,1,1
20140,0,0,0,1,0,0
20141,0,0,0,1,1,1
20142,0,0,0,1,0,0
20143,0,0,0,1,1,1
20144,0,0,0,1,0,0
20145,0,0,0,1,0,0
20146,0,0,0,1,0,0
20147,0,0,0,1,0,0
20148,0,0,0,1,0,0
20149,0,0,0,1,0,0
20150,0,0,0,1,1,0
20151,0,0,0,1,0,0
20152,0,0,0,1,0,0
20153,0,0,0,1,1,1
20154,0,0,0,1,0,0
20155,0,0,0,1,0,0
20156,0,0,0,1,0,0
20157,0,0,0,1,0,0
20158,0,0,0,1,0,0
20159,0,0,0,1,0,0
20160,0,0,0,1,0,0
20161,0,0,0,1,0,0
20162,0,0,0,1,1,1
20163,0,0,0,1,0,0
20164,0,0,0,1,0,0
20165,0,0,0,1,0,0
20166,0,0,0,1,1,1
20167,0,0,0,1,0,0
20168,0,0,0,1,0,0
20169,0,0,0,1,0,0
20170,0,0,0,1,0,0
20171,0,0,0,1,0,0
20172,0,0,0,1,0,0
20173,0,0,0,1,0,0
20174,0,0,0,1,0,0
20175,0,0,0,1,1,0
20176,0,0,0,1,1,1
20177,0,0,0,1,1,1
20178,0,0,0,1,1,1
20179,0,0,0,1,1,1
20180,0,0,0,1,1,1
20181,0,0,0,1,0,0
20182,0,0,0,1,1,1
20183,0,0,0,1,0,0
20184,0,0,0,1,1,1
20185,0,0,0,1,0,0
20186,0,0,0,1,0,0
20187,0,0,0,1,0,0
20188,0,0,0,1,0,0
20189,0,0,0,1,0,0
20190,0,0,0,1,1,1
20191,0,0,0,1,0,0
20192,0,0,0,1,0,0
20193,0,0,0,1,0,0
20194,0,0,0,1,0,0
20195,0,0,0,1,0,0
20196,0,0,0,1,0,0
20197,0,0,0,1,0,0
20198,0,0,0,1,1,1
20199,0,0,0,1,0,0
20200,0,0,0,1,1,1
20201,0,0,0,1,0,0
20202,0,0,0,1,1,1
20203,0,0,0,1,1,1
20204,0,0,0,1,0,0
20205,0,0,0,1,1,1
20206,0,0,0,1,0,0
20207,0,0,0,1,1,1
20208,0,0,0,1,1,1
20209,0,0,0,1,0,0
20210,0,0,0,1,0,0
20211,0,0,0,1,1,1
20212,0,0,0,1,1,0
20213,0,0,0,1,0,0
20214,0,0,0,1,0,0
20215,0,0,0,1,0,0
20216,0,0,0,1,0,0
20217,0,0,0,1,0,0
20218,0,0,0,1,0,0
20219,0,0,0,1,1,1
20220,0,0,0,1,1,0
20221,0,0,0,1,0,0
20222,0,0,0,1,0,0
20223,0,0,0,1,0,0
20224,0,0,0,1,0,0
20225,0,0,0,1,0,0
20226,0,0,0,1,1,1
20227,0,0,0,1,0,0
20228,0,0,0,1,0,0
20229,0,0,0,1,0,0
20230,0,0,0,1,0,0
20231,0,0,0,1,1,0
20232,0,0,0,1,1,1
20233,0,0,0,1,0,0
20234,0,0,0,1,0,0
20235,0,0,0,1,1,1
20236,0,0,0,1,0,0
20237,0,0,0,1,1,1
20238,0,0,0,1,0,0
20239,0,0,0,1,1,1
20240,0,0,0,1,1,1
20241,0,0,0,1,0,0
20242,0,0,0,1,1,1
20243,0,0,0,1,0,0
20244,0,0,0,1,0,0
20245,0,0,0,1,0,0
20246,0,0,0,1,0,0
20247,0,0,0,1,0,0
20248,0,0,0,1,1,1
20249,0,0,0,1,0,0
20250,0,0,0,1,0,0
20251,0,0,0,1,0,0
20252,0,0,0,1,0,0
20253,0,0,0,1,0,0
20254,0,0,0,1,0,0
20255,0,0,0,1,0,0
20256,0,0,0,1,0,0
20257,0,0,0,1,0,0
20258,0,0,0,1,0,0
20259,0,0,0,1,0,0
20260,0,0,0,1,0,0
20261,0,0,0,1,1,1
20262,0,0,0,1,0,0
20263,0,0,0,1,0,0
20264,0,0,0,1,0,0
20265,0,0,0,1,1,0
20266,0,0,0,1,1,1
20267,0,0,0,1,0,0
20268,0,0,0,1,0,0
20269,0,0,0,1,0,0
20270,0,0,0,1,1,0
20271,0,0,0,1,0,0
20272,0,0,0,1,0,0
20273,0,0,0,1,0,0
20274,0,0,0,1,0,0
20275,0,0,0,1,0,0
20276,0,0,0,1,0,0
20277,0,0,0,1,1,1
20278,0,0,0,1,1,1
20279,0,0,0,1,1,1
20280,0,0,0,1,1,1
20281,0,0,0,1,1,1
20282,0,0,0,1,0,0
20283,0,0,0,1,0,0
20284,0,0,0,1,0,0
20285,0,0,0,1,0,0
20286,0,0,0,1,0,0
20287,0,0,0,1,0,0
20288,0,0,0,1,0,0
20289,0,0,0,1,0,0
20290,0,0,0,1,0,0
20291,0,0,0,1,1,1
20292,0,0,0,1,0,0
20293,0,0,0,1,0,0
20294,0,0,0,1,0,0
20295,0,0,0,1,0,0
20296,0,0,0,1,1,1
20297,0,0,0,1,1,1
20298,0,0,0,1,0,0
20299,0,0,0,1,0,0
20300,0,0,0,1,0,0
20301,0,0,0,1,0,0
20302,0,0,0,1,0,0
20303,0,0,0,1,0,0
20304,0,0,0,1,0,0
20305,0,0,0,1,0,0
20306,0,0,0,1,0,0
20307,0,0,0,1,1,1
20308,0,0,0,1,0,0
20309,0,0,0,1,0,0
20310,0,0,0,1,0,0
20311,0,0,0,1,0,0
20312,0,0,0,1,0,0
20313,0,0,0,1,0,0
20314,0,0,0,1,0,0
20315,0,0,0,1,0,0
20316,0,0,0,1,0,0
20317,0,0,0,1,0,0
20318,0,0,0,1,0,0
20319,0,0,0,1,1,0
20320,0,0,0,1,0,0
20321,0,0,0,1,0,0
20322,0,0,0,1,0,0
20323,0,0,0,1,0,0
20324,0,0,0,1,1,1
20325,0,0,0,1,1,1
20326,0,0,0,1,0,0
20327,0,0,0,1,1,1
20328,0,0,0,1,0,0
20329,0,0,0,1,0,0
20330,0,0,0,1,0,0
20331,0,0,0,1,0,0
20332,0,0,0,1,0,0
20333,0,0,0,1,0,0
20334,0,0,0,1,1,1
20335,0,0,0,1,0,0
20336,0,0,0,1,0,0
20337,0,0,0,1,0,0
20338,0,0,0,1,0,0
20339,0,0,0,1,0,0
20340,0,0,0,1,1,1
20341,0,0,0,1,1,1
20342,0,0,0,1,0,0
20343,0,0,0,1,0,0
20344,0,0,0,1,1,0
20345,0,0,0,1,1,1
20346,0,0,0,1,0,0
20347,0,0,0,1,1,1
20348,0,0,0,1,0,0
20349,0,0,0,1,0,0
20350,0,0,0,1,0,0
20351,0,0,0,1,1,1
20352,0,0,0,1,0,0
20353,0,0,0,1,0,0
20354,0,0,0,1,0,0
20355,0,0,0,1,0,0
20356,0,0,0,1,0,0
20357,0,0,0,1,0,0
20358,0,0,0,1,0,0
20359,0,0,0,1,1,1
20360,0,0,0,1,0,0
20361,0,0,0,1,0,0
20362,0,0,0,1,0,0
20363,0,0,0,1,1,1
20364,0,0,0,1,1,1
20365,0,0,0,1,0,0
20366,0,0,0,1,1,1
20367,0,0,0,1,0,0
20368,0,0,0,1,0,0
20369,0,0,0,1,0,0
20370,0,0,0,1,0,0
20371,0,0,0,1,0,0
20372,0,0,0,1,0,0
20373,0,0,0,1,0,0
20374,0,0,0,1,0,0
20375,0,0,0,1,0,0
20376,0,0,0,1,0,0
20377,0,0,0,1,1,1
20378,0,0,0,1,0,0
20379,0,0,0,1,0,0
20380,0,0,0,1,0,0
20381,0,0,0,1,0,0
20382,0,0,0,1,0,0
20383,0,0,0,1,0,0
20384,0,0,0,1,0,0
20385,0,0,0,1,0,0
20386,0,0,0,1,1,1
20387,0,0,0,1,0,0
20388,0,0,0,1,0,0
20389,0,0,0,1,0,0
20390,0,0,0,1,0,0
20391,0,0,0,1,0,0
20392,0,0,0,1,0,0
20393,0,0,0,1,0,0
20394,0,0,0,1,0,0
20395,0,0,0,1,0,0
20396,0,0,0,1,0,0
20397,0,0,0,1,1,1
20398,0,0,0,1,1,1
20399,0,0,0,1,0,0
20400,0,0,0,1,1,1
20401,0,0,0,1,1,1
20402,0,0,0,1,0,0
20403,0,0,0,1,0,0
20404,0,0,0,1,1,1
20405,0,0,0,1,1,1
20406,0,0,0,1,1,1
20407,0,0,0,1,1,1
20408,0,0,0,1,0,0
20409,0,0,0,1,0,0
20410,0,0,0,1,0,0
20411,0,0,0,1,0,0
20412,0,0,0,1,1,1
20413,0,0,0,1,1,1
20414,0,0,0,1,0,0
20415,0,0,0,1,0,0
20416,0,0,0,1,0,0
20417,0,0,0,1,1,1
20418,0,0,0,1,0,0
20419,0,0,0,1,0,0
20420,0,0,0,1,0,0
20421,0,0,0,1,0,0
20422,0,0,0,1,0,0
20423,0,0,0,1,1,0
20424,0,0,0,1,0,0
20425,0,0,0,1,0,0
20426,0,0,0,1,1,1
20427,0,0,0,1,0,0
20428,0,0,0,1,0,0
20429,0,0,0,1,0,0
20430,0,0,0,1,0,0
20431,0,0,0,1,0,0
20432,0,0,0,1,0,0
20433,0,0,0,1,0,0
20434,0,0,0,1,0,0
20435,0,0,0,1,0,0
20436,0,0,0,1,0,0
20437,0,0,0,1,0,0
20438,0,0,0,1,0,0
20439,0,0,0,1,1,1
20440,0,0,0,1,0,0
20441,0,0,0,1,1,1
20442,0,0,0,1,0,0
20443,0,0,0,1,1,1
20444,0,0,0,1,0,0
20445,0,0,0,1,0,0
20446,0,0,0,1,1,1
20447,0,0,0,1,1,1
20448,0,0,0,1,0,0
20449,0,0,0,1,1,1
20450,0,0,0,1,0,0
20451,0,0,0,1,0,0
20452,0,0,0,1,0,0
20453,0,0,0,1,0,0
20454,0,0,0,1,1,1
20455,0,0,0,1,0,0
20456,0,0,0,1,0,0
20457,0,0,0,1,0,0
20458,0,0,0,1,0,0
20459,0,0,0,1,1,1
20460,0,0,0,1,1,1
20461,0,0,0,1,0,0
20462,0,0,0,1,0,0
20463,0,0,0,1,0,0
20464,0,0,0,1,0,0
20465,0,0,0,1,0,0
20466,0,0,0,1,1,1
20467,0,0,0,1,1,1
20468,0,0,0,1,1,1
20469,0,0,0,1,1,1
20470,0,0,0,1,1,1
20471,0,0,0,1,0,0
20472,0,0,0,1,0,0
20473,0,0,0,1,0,0
20474,0,0,0,1,0,0
20475,0,0,0,1,1,1
20476,0,0,0,1,0,0
20477,0,0,0,1,0,0
20478,0,0,0,1,0,0
20479,0,0,0,1,0,0
20480,0,0,0,1,0,0
20481,0,0,0,1,0,0
20482,0,0,0,1,1,1
20483,0,0,0,1,1,1
20484,0,0,0,1,0,0
20485,0,0,0,1,0,0
20486,0,0,0,1,1,1
20487,0,0,0,1,0,0
20488,0,0,0,1,0,0
20489,0,0,0,1,1,1
20490,0,0,0,1,0,0
20491,0,0,0,1,1,1
20492,0,0,0,1,0,0
20493,0,0,0,1,0,0
20494,0,0,0,1,1,1
20495,0,0,0,1,0,0
20496,0,0,0,1,0,0
20497,0,0,0,1,0,0
20498,0,0,0,1,1,1
20499,0,0,0,1,0,0
20500,0,0,0,1,1,1
20501,0,0,0,1,0,0
20502,0,0,0,1,1,0
20503,0,0,0,1,1,1
20504,0,0,0,1,0,0
20505,0,0,0,1,0,0
20506,0,0,0,1,0,0
20507,0,0,0,1,1,1
20508,0,0,0,1,1,1
20509,0,0,0,1,1,1
20510,0,0,0,1,0,0
20511,0,0,0,1,1,1
20512,0,0,0,1,0,0
20513,0,0,0,1,1,1
20514,0,0,0,1,0,0
20515,0,0,0,1,1,1
20516,0,0,0,1,1,1
20517,0,0,0,1,1,1
20518,0,0,0,1,0,0
20519,0,0,0,1,1,1
20520,0,0,0,1,0,0
20521,0,0,0,1,0,0
20522,0,0,0,1,0,0
20523,0,0,0,1,0,0
20524,0,0,0,1,0,0
20525,0,0,0,1,1,1
20526,0,0,0,1,0,0
20527,0,0,0,1,0,0
20528,0,0,0,1,0,0
20529,0,0,0,1,0,0
20530,0,0,0,1,0,0
20531,0,0,0,1,0,0
20532,0,0,0,1,0,0
20533,0,0,0,1,1,1
20534,0,0,0,1,0,0
20535,0,0,0,1,0,0
20536,0,0,0,1,0,0
20537,0,0,0,1,1,1
20538,0,0,0,1,0,0
20539,0,0,0,1,0,0
20540,0,0,0,1,0,0
20541,0,0,0,1,0,0
20542,0,0,0,1,0,0
20543,0,0,0,1,0,0
20544,0,0,0,1,0,0
20545,0,0,0,1,1,1
20546,0,0,0,1,0,0
20547,0,0,0,1,0,0
20548,0,0,0,1,1,1
20549,0,0,0,1,1,1
20550,0,0,0,1,0,0
20551,0,0,0,1,0,0
20552,0,0,0,1,0,0
20553,0,0,0,1,0,0
20554,0,0,0,1,1,1
20555,0,0,0,1,0,0
20556,0,0,0,1,0,0
20557,0,0,0,1,0,0
20558,0,0,0,1,0,0
20559,0,0,0,1,1,1
20560,0,0,0,1,1,1
20561,0,0,0,1,1,1
20562,0,0,0,1,0,0
20563,0,0,0,1,0,0
20564,0,0,0,1,1,1
20565,0,0,0,1,0,0
20566,0,0,0,1,1,1
20567,0,0,0,1,1,1
20568,0,0,0,1,1,1
20569,0,0,0,1,0,0
20570,0,0,0,1,0,0
21001,0,0,0,1,1,1
21002,0,0,0,1,1,1
21003,0,0,0,1,1,1
21004,0,0,0,1,0,0
21005,0,0,0,1,0,0
21006,0,0,0,1,0,0
21007,0,0,0,1,1,1
21008,0,0,0,1,0,0
21009,1,1,1,1,1,1
21010,0,0,0,1,1,1
21011,0,0,0,1,0,0
21012,0,0,0,1,0,0
21013,0,0,0,1,0,0
21014,0,0,0,1,1,1
21015,1,0,0,1,0,0
21016,0,0,0,1,1,1
21017,1,0,0,1,0,0
21018,1,1,1,1,1,1
21019,1,1,1,1,1,1
21020,1,0,0,1,0,0
21021,1,0,0,1,0,0
21022,1,0,0,1,0,0
21023,0,0,0,1,1,1
21024,0,0,0,1,1,1
21025,0,0,0,1,0,0
21026,1,0,0,1,0,0
21027,0,0,0,1,0,0
21028,0,0,0,1,0,0
21029,0,0,0,1,0,0
21030,0,0,0,1,0,0
21031,0,0,0,1,1,1
21032,0,0,0,1,0,0
21033,0,0,0,1,1,1
21034,1,0,0,1,0,0
21035,0,0,0,1,1,1
21036,0,0,0,1,1,1
21037,0,0,0,1,1,1
21038,0,0,0,1,0,0
21039,0,0,0,1,1,1
21040,1,0,0,1,0,0
21041,1,0,0,1,0,0
21042,0,0,0,1,1,1
21043,0,0,0,1,1,1
21044,0,0,0,1,0,0
21045,0,0,0,1,1,1
21046,0,0,0,1,0,0
21047,1,1,1,1,1,1
21048,1,0,0,1,0,0
21049,0,0,0,1,1,1
21050,0,0,0,1,0,0
21051,1,1,1,1,1,1
21052,0,0,0,1,0,0
21053,1,1,1,1,1,1
21054,1,1,1,1,1,1
21055,0,0,0,1,0,0
21056,0,0,0,1,0,0
21057,0,0,0,1,0,0
21058,1,0,0,1,0,0
21059,0,0,0,1,0,0
21060,1,0,0,1,0,0
21061,0,0,0,1,0,0
21062,0,0,0,1,0,0
21063,0,0,0,1,0,0
21064,0,0,0,1,1,1
21065,0,0,0,1,0,0
21066,0,0,0,1,1,1
21067,1,0,0,1,0,0
21068,0,0,0,1,0,0
21069,0,0,0,1,1,1
21070,0,0,0,1,0,0
21071,1,0,0,1,0,0
21072,0,0,0,1,0,0
21073,1,1,1,1,1,1
21074,1,0,0,1,0,0
21075,0,0,0,1,0,0
21076,1,1,1,1,1,1
21077,0,0,0,1,0,0
21078,0,0,0,1,0,0
21079,0,0,0,1,1,1
21080,0,0,0,1,0,0
21081,0,0,0,1,1,1
21082,0,0,0,1,0,0
21083,1,1,1,1,1,1
21084,0,0,0,1,1,1
21085,0,0,0,1,1,1
21086,0,0,0,1,0,0
21087,0,0,0,1,1,1
21088,0,0,0,1,0,0
21089,0,0,0,1,1,1
21090,1,0,0,1,0,0
21091,0,0,0,1,1,1
21092,1,1,1,1,1,1
21093,0,0,0,1,1,1
21094,0,0,0,1,0,0
21095,0,0,0,1,0,0
21096,0,0,0,1,0,0
21097,1,0,0,1,0,0
21098,0,0,0,1,0,0
21099,1,1,1,1,1,1
21100,1,0,0,1,0,0
21101,0,0,0,1,0,0
21102,1,0,0,1,0,0
21103,0,0,0,1,0,0
21104,1,1,1,1,1,1
21105,0,0,0,1,1,1
21106,1,1,1,1,1,1
21107,0,0,0,1,0,0
21108,0,0,0,1,1,1
21109,0,0,0,1,0,0
21110,1,0,0,1,0,0
21111,1,1,1,1,1,1
21112,0,0,0,1,1,1
21113,0,0,0,1,0,0
21114,1,1,1,1,1,1
21115,1,1,1,1,1,1
21116,0,0,0,1,1,1
21117,0,0,0,1,0,0
21118,0,0,0,1,0,0
21119,1,0,0,1,0,0
21120,0,0,0,1,0,0
21121,0,0,0,1,1,1
21122,1,1,1,1,1,1
21123,0,0,0,1,0,0
21124,1,0,0,1,0,0
21125,1,0,0,1,0,0
21126,1,0,0,1,0,0
21127,0,0,0,1,0,0
21128,1,0,0,1,0,0
21129,1,1,1,1,1,1
21130,0,0,0,1,0,0
21131,0,0,0,1,1,1
21132,1,0,0,1,0,0
21133,0,0,0,1,0,0
21134,0,0,0,1,0,0
21135,0,0,0,1,0,0
21136,1,0,0,1,0,0
21137,0,0,0,1,1,1
21138,1,1,1,1,1,1
21139,0,0,0,1,0,0
21140,1,1,1,1,1,1
21141,0,0,0,1,1,1
21142,0,0,0,1,1,1
21143,1,0,0,1,0,0
21144,0,0,0,1,0,0
21145,0,0,0,1,1,1
21146,0,0,0,1,0,0
21147,1,1,1,1,1,1
21148,1,0,0,1,0,0
21149,0,0,0,1,1,1
21150,0,0,0,1,1,1
21151,0,0,0,1,0,0
21152,1,0,0,1,0,0
21153,1,1,1,1,1,1
21154,1,0,0,1,0,0
21155,0,0,0,1,1,1
21156,1,1,1,1,1,1
21157,1,1,1,1,1,1
21158,0,0,0,1,0,0
21159,0,0,0,1,0,0
21160,1,0,0,1,0,0
21161,0,0,0,1,0,0
21162,0,0,0,1,0,0
21163,0,0,0,1,0,0
21164,1,1,1,1,1,1
21165,0,0,0,1,0,0
21166,0,0,0,1,0,0
21167,0,0,0,1,0,0
21168,0,0,0,1,0,0
21169,0,0,0,1,1,1
21170,1,1,1,1,1,1
21171,1,0,0,1,0,0
21172,1,1,1,1,1,1
21173,0,0,0,1,0,0
21174,0,0,0,1,0,0
21175,1,0,0,1,0,0
21176,1,0,0,1,0,0
21177,1,1,1,1,1,1
21178,0,0,0,1,1,1
21179,0,0,0,1,1,1
21180,1,1,1,1,1,1
21181,1,0,0,1,0,0
21182,0,0,0,1,0,0
21183,0,0,0,1,0,0
21184,0,0,0,1,0,0
21185,0,0,0,1,0,0
21186,1,0,0,1,0,0
21187,0,0,0,1,0,0
21188,1,1,1,1,1,1
21189,1,1,1,1,1,1
21190,0,0,0,1,0,0
21191,0,0,0,1,1,1
21192,0,0,0,1,0,0
21193,1,0,0,1,0,0
21194,1,1,1,1,1,1
21195,0,0,0,1,0,0
21196,0,0,0,1,0,0
21197,1,1,1,1,1,1
21198,0,0,0,1,1,1
21199,0,0,0,1,0,0
21200,1,1,1,1,1,1
21201,0,0,0,1,0,0
21202,0,0,0,1,0,0
21203,1,0,0,1,0,0
21204,0,0,0,1,1,1
21205,1,1,1,1,1,1
21206,1,0,0,1,0,0
21207,1,0,0,1,0,0
21208,1,1,1,1,1,1
21209,1,1,1,1,1,1
21210,0,0,0,1,0,0
21211,1,0,0,1,0,0
21212,1,1,1,1,1,1
21213,0,0,0,1,0,0
21214,0,0,0,1,0,0
21215,0,0,0,1,0,0
21216,1,0,0,1,0,0
21217,0,0,0,1,1,1
22001,1,1,1,1,1,1
22002,0,0,0,1,1,1
22003,1,1,1,1,1,1
22004,1,1,1,1,1,1
22005,1,1,1,1,1,1
22006,1,1,1,1,1,1
22007,1,1,1,1,1,1
22008,1,1,1,1,1,1
22009,1,1,1,1,1,1
22010,1,1,1,1,1,1
22011,1,1,1,1,1,1
22012,1,1,1,1,1,1
22013,1,1,1,1,1,1
22014,1,1,1,1,1,1
22015,0,0,0,1,1,1
22016,1,1,1,1,1,1
22017,1,1,1,1,1,1
22018,1,1,1,1,1,1
23001,1,1,1,1,1,1
23002,1,1,1,1,1,1
23003,1,0,0,1,0,0
23004,1,1,1,1,1,1
23005,1,1,1,1,1,1
23006,1,1,1,1,1,1
23007,1,1,1,1,1,1
23008,0,0,0,1,1,1
23009,0,0,0,1,1,1
23010,0,0,0,1,0,0
23011,1,0,0,1,0,0
24001,0,0,0,1,1,1
24002,0,0,0,1,1,1
24003,0,0,0,1,1,1
24004,0,0,0,1,1,1
24005,1,1,1,1,1,1
24006,0,0,0,1,1,1
24007,1,1,1,1,1,1
24008,1,1,1,1,1,1
24009,1,1,1,1,1,1
24010,1,1,1,1,1,1
24011,1,1,1,1,1,1
24012,0,0,0,1,0,0
24013,1,1,1,1,1,1
24014,0,0,0,1,1,1
24015,1,1,1,1,1,1
24016,1,1,1,1,1,1
24017,1,1,1,1,1,1
24018,0,0,0,1,0,0
24019,0,0,0,1,1,1
24020,1,1,1,1,1,1
24021,1,1,1,1,1,1
24022,1,1,1,1,1,1
24023,1,1,1,1,1,1
24024,1,1,1,1,1,1
24025,1,1,1,1,1,1
24026,0,0,0,1,0,0
24027,0,0,0,1,1,1
24028,1,1,1,1,1,1
24029,0,0,0,1,1,1
24030,0,0,0,1,1,1
24031,0,0,0,1,1,1
24032,1,1,1,1,1,1
24033,0,0,0,1,1,1
24034,0,0,0,1,0,0
24035,1,1,1,1,1,1
24036,1,1,1,1,1,1
24037,1,1,1,1,1,1
24038,0,0,0,1,1,1
24039,0,0,0,1,1,1
24040,1,1,1,1,1,1
24041,0,0,0,1,1,1
24042,1,0,0,1,0,0
24043,0,0,0,1,0,0
24044,0,0,0,1,1,1
24045,0,0,0,1,1,1
24046,1,1,1,1,1,1
24047,0,0,0,1,1,1
24048,1,1,1,1,1,1
24049,1,1,1,1,1,1
24050,1,1,1,1,1,1
24051,1,1,1,1,1,1
24052,0,0,0,1,1,1
24053,1,1,1,1,1,1
24054,1,1,1,1,1,1
24055,1,1,1,1,1,1
24056,1,1,1,1,1,1
24057,0,0,0,1,0,0
24058,0,0,0,1,1,1
25001,1,1,1,1,1,1
25002,1,1,1,1,1,1
25003,1,1,1,1,1,1
25004,1,1,1,1,1,1
25005,1,1,1,1,1,1
25006,1,1,1,1,1,1
25007,1,1,1,1,1,1
25008,1,1,1,1,1,1
25009,1,1,1,1,1,1
25010,1,1,1,1,1,1
25011,1,1,1,1,1,1
25012,1,1,1,1,1,1
25013,1,1,1,1,1,1
25014,1,1,1,1,1,1
25015,1,1,1,1,1,1
25016,1,1,1,1,1,1
25017,1,1,1,1,1,1
25018,0,0,0,1,1,1
26001,0,0,0,1,1,1
26002,1,1,1,1,1,1
26003,1,1,1,1,1,1
26004,1,1,1,1,1,1
26005,0,0,0,1,0,0
26006,0,0,0,1,1,1
26007,0,0,0,1,1,1
26008,0,0,0,1,1,0
26009,0,0,0,1,1,1
26010,0,0,0,1,1,0
26011,0,0,0,1,1,1
26012,1,1,1,1,1,1
26013,0,0,0,1,1,1
26014,0,0,0,1,1,1
26015,0,0,0,1,1,1
26016,1,1,1,1,1,1
26017,1,1,1,1,1,1
26018,1,1,1,1,1,1
26019,1,1,1,1,1,1
26020,0,0,0,1,1,1
26021,0,0,0,1,1,1
26022,0,0,0,1,1,1
26023,1,1,1,1,1,1
26024,0,0,0,1,0,0
26025,0,0,0,1,1,1
26026,1,1,1,1,1,1
26027,1,1,1,1,1,1
26028,0,0,0,1,0,0
26029,1,1,1,1,1,1
26030,1,1,1,1,1,1
26031,0,0,0,1,1,0
26032,0,0,0,1,1,1
26033,1,1,1,1,1,1
26034,0,0,0,1,1,1
26035,1,1,1,1,1,1
26036,1,1,1,1,1,1
26037,0,0,0,1,1,1
26038,0,0,0,1,1,1
26039,0,0,0,1,1,1
26040,0,0,0,1,1,0
26041,1,1,1,1,1,1
26042,1,1,1,1,1,1
26043,1,1,1,1,1,1
26044,0,0,0,1,0,0
26045,0,0,0,1,1,1
26046,0,0,0,1,0,0
26047,1,1,1,1,1,1
26048,1,1,1,1,1,1
26049,0,0,0,1,1,1
26050,0,0,0,1,1,1
26051,0,0,0,1,1,1
26052,0,0,0,1,1,1
26053,0,0,0,1,0,0
26054,0,0,0,1,1,1
26055,1,1,1,1,1,1
26056,1,0,0,1,0,0
26057,0,0,0,1,1,1
26058,1,1,1,1,1,1
26059,0,0,0,1,1,1
26060,0,0,0,1,1,1
26061,0,0,0,1,1,1
26062,0,0,0,1,1,1
26063,0,0,0,1,1,0
26064,0,0,0,1,1,0
26065,0,0,0,1,0,0
26066,1,1,1,1,1,1
26067,0,0,0,1,1,1
26068,0,0,0,1,1,0
26069,0,0,0,1,1,1
26070,0,0,0,1,1,1
26071,0,0,0,1,1,1
26072,0,0,0,1,1,1
27001,1,1,1,1,1,1
27002,1,1,1,1,1,1
27003,1,1,1,1,1,1
27004,1,1,1,1,1,1
27005,1,1,1,1,1,1
27006,1,1,1,1,1,1
27007,1,1,1,1,1,1
27008,1,1,1,1,1,1
27009,1,1,1,1,1,1
27010,1,1,1,1,1,1
27011,1,1,1,1,1,1
27012,1,1,1,1,1,1
27013,1,1,1,1,1,1
27014,1,1,1,1,1,1
27015,1,1,1,1,1,1
27016,1,1,1,1,1,1
27017,1,1,1,1,1,1
28001,1,1,1,1,1,1
28002,1,1,1,1,1,1
28003,1,1,1,1,1,1
28004,0,0,0,1,1,1
28005,0,0,0,1,1,1
28006,0,0,0,1,1,1
28007,1,1,1,1,1,1
28008,0,0,0,1,1,0
28009,1,0,0,1,0,0
28010,0,0,0,1,1,1
28011,0,0,0,1,1,1
28012,1,1,1,1,1,1
28013,1,1,1,1,1,1
28014,0,0,0,1,1,1
28015,1,1,1,1,1,1
28016,1,1,1,1,1,1
28017,1,1,1,1,1,1
28018,0,0,0,1,1,1
28019,1,1,1,1,1,1
28020,0,0,0,1,1,1
28021,1,1,1,1,1,1
28022,1,1,1,1,1,1
28023,0,0,0,1,1,1
28024,0,0,0,1,1,1
28025,1,1,1,1,1,1
28026,0,0,0,1,1,1
28027,1,1,1,1,1,1
28028,0,0,0,1,1,1
28029,1,1,1,1,1,1
28030,1,1,1,1,1,1
28031,0,0,0,1,1,1
28032,1,1,1,1,1,1
28033,1,1,1,1,1,1
28034,0,0,0,1,1,1
28035,1,1,1,1,1,1
28036,0,0,0,1,0,0
28037,1,1,1,1,1,1
28038,1,0,0,1,0,0
28039,1,1,1,1,1,1
28040,1,1,1,1,1,1
28041,1,1,1,1,1,1
28042,0,0,0,1,1,1
28043,1,1,1,1,1,1
29001,0,0,0,1,0,0
29002,1,0,0,1,0,0
29003,0,0,0,1,1,1
29004,1,1,1,1,1,1
29005,0,0,0,1,0,0
29006,1,1,1,1,1,1
29007,0,0,0,1,0,0
29008,1,0,0,1,0,0
29009,0,0,0,1,0,0
29010,1,0,0,1,0,0
29011,1,0,0,1,0,0
29012,0,0,0,1,0,0
29013,1,1,1,1,1,1
29014,1,1,1,1,1,1
29015,1,0,0,1,0,0
29016,0,0,0,1,0,0
29017,0,0,0,1,0,0
29018,0,0,0,1,0,0
29019,1,0,0,1,0,0
29020,1,0,0,1,0,0
29021,1,0,0,1,0,0
29022,0,0,0,1,0,0
29023,1,1,1,1,1,1
29024,1,0,0,1,0,0
29025,0,0,0,1,0,0
29026,0,0,0,1,0,0
29027,1,0,0,1,0,0
29028,0,0,0,1,1,1
29029,1,0,0,1,0,0
29030,1,0,0,1,0,0
29031,0,0,0,1,0,0
29032,1,0,0,1,0,0
29033,1,0,0,1,0,0
29034,1,1,1,1,1,1
29035,0,0,0,1,1,1
29036,1,0,0,1,0,0
29037,0,0,0,1,0,0
29038,1,0,0,1,0,0
29039,0,0,0,1,0,0
29040,1,0,0,1,0,0
29041,0,0,0,1,0,0
29042,1,0,0,1,0,0
29043,0,0,0,1,1,1
29044,1,0,0,1,0,0
29045,0,0,0,1,0,0
29046,0,0,0,1,0,0
29047,0,0,0,1,0,0
29048,0,0,0,1,0,0
29049,0,0,0,1,0,0
29050,0,0,0,1,0,0
29051,0,0,0,1,0,0
29052,0,0,0,1,0,0
29053,0,0,0,1,0,0
29054,0,0,0,1,0,0
29055,0,0,0,1,0,0
29056,0,0,0,1,0,0
29057,0,0,0,1,0,0
29058,0,0,0,1,0,0
29059,0,0,0,1,0,0
29060,0,0,0,1,0,0
30001,0,0,0,1,0,0
30002,0,0,0,1,0,0
30003,1,1,1,1,1,1
30004,1,1,1,1,1,1
30005,0,0,0,1,0,0
30006,1,1,1,1,1,1
30007,0,0,0,1,0,0
30008,0,0,0,1,0,0
30009,1,1,1,1,1,1
30010,1,0,0,1,0,0
30011,1,1,1,1,1,1
30012,1,0,0,1,0,0
30013,1,0,0,1,0,0
30014,0,0,0,1,0,0
30015,1,1,1,1,1,1
30016,1,1,1,1,1,1
30017,0,0,0,1,0,0
30018,0,0,0,1,0,0
30019,0,0,0,1,1,1
30020,1,0,0,1,0,0
30021,0,0,0,1,1,1
30022,1,0,0,1,0,0
30023,1,1,1,1,1,1
30024,1,0,0,1,0,0
30025,0,0,0,1,0,0
30026,0,0,0,1,0,0
30027,0,0,0,1,1,1
30028,1,0,0,1,0,0
30029,1,0,0,1,0,0
30030,0,0,0,1,0,0
30031,0,0,0,1,0,0
30032,1,1,1,1,1,1
30033,1,1,1,1,1,1
30034,0,0,0,1,1,1
30035,0,0,0,1,0,0
30036,0,0,0,1,0,0
30037,0,0,0,1,0,0
30038,1,0,0,1,0,0
30039,1,0,0,1,0,0
30040,1,1,1,1,1,1
30041,1,0,0,1,0,0
30042,0,0,0,1,0,0
30043,0,0,0,1,0,0
30044,0,0,0,1,1,1
30045,0,0,0,1,1,1
30046,1,0,0,1,0,0
30047,1,1,1,1,1,1
30048,1,1,1,1,1,1
30049,1,1,1,1,1,1
30050,0,0,0,1,0,0
30051,1,0,0,1,0,0
30052,0,0,0,1,0,0
30053,1,0,0,1,0,0
30054,0,0,0,1,0,0
30055,1,1,1,1,1,1
30056,0,0,0,1,0,0
30057,0,0,0,1,0,0
30058,1,1,1,1,1,1
30059,1,1,1,1,1,1
30060,1,1,1,1,1,1
30061,1,1,1,1,1,1
30062,0,0,0,1,0,0
30063,0,0,0,1,1,1
30064,0,0,0,1,0,0
30065,1,1,1,1,1,1
30066,1,1,1,1,1,1
30067,0,0,0,1,0,0
30068,1,0,0,1,0,0
30069,1,1,1,1,1,1
30070,1,1,1,1,1,1
30071,1,0,0,1,0,0
30072,1,1,1,1,1,1
30073,1,1,1,1,1,1
30074,0,0,0,1,0,0
30075,1,1,1,1,1,1
30076,0,0,0,1,1,1
30077,1,1,1,1,1,1
30078,0,0,0,1,1,1
30079,1,1,1,1,1,1
30080,0,0,0,1,1,1
30081,1,0,0,1,0,0
30082,1,0,0,1,0,0
30083,1,1,1,1,1,1
30084,0,0,0,1,0,0
30085,1,0,0,1,0,0
30086,1,1,1,1,1,1
30087,1,1,1,1,1,1
30088,0,0,0,1,0,0
30089,0,0,0,1,0,0
30090,1,0,0,1,0,0
30091,1,1,1,1,1,1
30092,1,1,1,1,1,1
30093,0,0,0,1,0,0
30094,1,1,1,1,1,1
30095,0,0,0,1,0,0
30096,0,0,0,1,0,0
30097,1,0,0,1,0,0
30098,0,0,0,1,0,0
30099,0,0,0,1,0,0
30100,1,0,0,1,0,0
30101,1,1,1,1,1,1
30102,1,1,1,1,1,1
30103,1,1,1,1,1,1
30104,0,0,0,1,1,1
30105,0,0,0,1,1,1
30106,0,0,0,1,0,0
30107,1,1,1,1,1,1
30108,1,1,1,1,1,1
30109,1,1,1,1,1,1
30110,0,0,0,1,1,1
30111,1,1,1,1,1,1
30112,0,0,0,1,0,0
30113,0,0,0,1,0,0
30114,0,0,0,1,1,1
30115,1,0,0,1,0,0
30116,1,0,0,1,0,0
30117,1,1,1,1,1,1
30118,0,0,0,1,0,0
30119,0,0,0,1,0,0
30120,1,0,0,1,0,0
30121,0,0,0,1,1,1
30122,1,1,1,1,1,1
30123,1,1,1,1,1,1
30124,1,1,1,1,1,1
30125,1,1,1,1,1,1
30126,1,1,1,1,1,1
30127,0,0,0,1,0,0
30128,1,1,1,1,1,1
30129,0,0,0,1,0,0
30130,1,1,1,1,1,1
30131,1,0,0,1,0,0
30132,0,0,0,1,0,0
30133,1,1,1,1,1,1
30134,1,1,1,1,1,1
30135,0,0,0,1,0,0
30136,0,0,0,1,0,0
30137,0,0,0,1,0,0
30138,1,0,0,1,0,0
30139,0,0,0,1,1,1
30140,0,0,0,1,0,0
30141,1,1,1,1,1,1
30142,0,0,0,1,1,1
30143,1,1,1,1,1,1
30144,1,1,1,1,1,1
30145,1,0,0,1,0,0
30146,0,0,0,1,0,0
30147,0,0,0,1,0,0
30148,1,1,1,1,1,1
30149,0,0,0,1,1,1
30150,0,0,0,1,1,1
30151,1,1,1,1,1,1
30152,1,1,1,1,1,1
30153,1,0,0,1,0,0
30154,1,1,1,1,1,1
30155,1,1,1,1,1,1
30156,0,0,0,1,0,0
30157,1,1,1,1,1,1
30158,1,1,1,1,1,1
30159,0,0,0,1,0,0
30160,1,1,1,1,1,1
30161,1,1,1,1,1,1
30162,0,0,0,1,0,0
30163,0,0,0,1,0,0
30164,0,0,0,1,0,0
30165,0,0,0,1,0,0
30166,0,0,0,1,1,1
30167,1,0,0,1,0,0
30168,0,0,0,1,1,1
30169,1,1,1,1,1,1
30170,0,0,0,1,1,1
30171,0,0,0,1,0,0
30172,1,1,1,1,1,1
30173,1,1,1,1,1,1
30174,1,1,1,1,1,1
30175,1,1,1,1,1,1
30176,0,0,0,1,0,0
30177,0,0,0,1,0,0
30178,1,1,1,1,1,1
30179,0,0,0,1,0,0
30180,0,0,0,1,1,1
30181,1,1,1,1,1,1
30182,1,0,0,1,0,0
30183,1,1,1,1,1,1
30184,0,0,0,1,0,0
30185,0,0,0,1,0,0
30186,0,0,0,1,0,0
30187,0,0,0,1,1,1
30188,0,0,0,1,1,1
30189,1,1,1,1,1,1
30190,0,0,0,1,1,1
30191,1,0,0,1,0,0
30192,1,1,1,1,1,1
30193,1,0,0,1,0,0
30194,0,0,0,1,0,0
30195,0,0,0,1,0,0
30196,1,0,0,1,0,0
30197,0,0,0,1,1,1
30198,0,0,0,1,0,0
30199,1,0,0,1,0,0
30200,0,0,0,1,1,1
30201,0,0,0,1,1,1
30202,0,0,0,1,1,1
30203,0,0,0,1,0,0
30204,0,0,0,1,1,1
30205,0,0,0,1,1,1
30206,0,0,0,1,0,0
30207,0,0,0,1,1,1
30208,0,0,0,1,1,1
30209,0,0,0,1,1,1
30210,0,0,0,1,1,1
30211,0,0,0,1,1,1
30212,0,0,0,1,1,1
31001,0,0,0,1,0,0
31002,1,0,0,1,0,0
31003,0,0,0,1,1,1
31004,0,0,0,1,0,0
31005,0,0,0,1,0,0
31006,1,0,0,1,0,0
31007,0,0,0,1,0,0
31008,0,0,0,1,1,1
31009,0,0,0,1,0,0
31010,0,0,0,1,1,0
31011,0,0,0,1,0,0
31012,0,0,0,1,1,1
31013,1,0,0,1,0,0
31014,0,0,0,1,0,0
31015,0,0,0,1,1,1
31016,0,0,0,1,1,1
31017,0,0,0,1,1,1
31018,0,0,0,1,0,0
31019,1,1,1,1,1,1
31020,1,0,0,1,0,0
31021,0,0,0,1,1,0
31022,0,0,0,1,1,1
31023,0,0,0,1,1,1
31024,0,0,0,1,0,0
31025,0,0,0,1,0,0
31026,0,0,0,1,0,0
31027,1,1,1,1,1,1
31028,0,0,0,1,1,1
31029,0,0,0,1,0,0
31030,0,0,0,1,1,1
31031,0,0,0,1,1,1
31032,0,0,0,1,1,1
31033,1,1,1,1,1,1
31034,0,0,0,1,0,0
31035,0,0,0,1,1,1
31036,0,0,0,1,0,0
31037,0,0,0,1,1,1
31038,1,1,1,1,1,1
31039,1,0,0,1,0,0
31040,1,0,0,1,0,0
31041,1,0,0,1,0,0
31042,0,0,0,1,1,1
31043,0,0,0,1,0,0
31044,0,0,0,1,0,0
31045,0,0,0,1,0,0
31046,0,0,0,1,0,0
31047,1,1,1,1,1,1
31048,1,1,1,1,1,0
31049,0,0,0,1,0,0
31050,1,1,1,1,1,1
31051,0,0,0,1,0,0
31052,1,1,1,1,1,1
31053,1,1,1,1,1,1
31054,0,0,0,1,0,0
31055,0,0,0,1,1,1
31056,0,0,0,1,1,1
31057,0,0,0,1,1,1
31058,1,1,1,1,1,1
31059,1,1,1,1,1,1
31060,0,0,0,1,0,0
31061,0,0,0,1,1,1
31062,0,0,0,1,1,1
31063,0,0,0,1,1,1
31064,0,0,0,1,0,0
31065,0,0,0,1,0,0
31066,0,0,0,1,0,0
31067,1,1,1,1,1,1
31068,0,0,0,1,1,1
31069,0,0,0,1,1,1
31070,0,0,0,1,1,1
31071,0,0,0,1,1,1
31072,0,0,0,1,0,0
31073,0,0,0,1,1,1
31074,0,0,0,1,0,0
31075,0,0,0,1,1,1
31076,1,0,0,1,0,0
31077,0,0,0,1,0,0
31078,0,0,0,1,0,0
31079,1,1,1,1,1,1
31080,0,0,0,1,1,1
31081,0,0,0,1,1,1
31082,0,0,0,1,0,0
31083,0,0,0,1,0,0
31084,0,0,0,1,1,1
31085,1,1,1,1,1,1
31086,0,0,0,1,1,1
31087,0,0,0,1,0,0
31088,0,0,0,1,0,0
31089,1,1,1,1,1,1
31090,0,0,0,1,1,1
31091,0,0,0,1,1,1
31092,0,0,0,1,0,0
31093,1,1,1,1,1,1
31094,0,0,0,1,0,0
31095,1,0,0,1,0,0
31096,1,1,1,1,1,1
31097,0,0,0,1,1,1
31098,0,0,0,1,1,1
31099,0,0,0,1,1,1
31100,0,0,0,1,1,1
31101,1,1,1,1,1,1
31102,1,1,1,1,1,1
31103,0,0,0,1,0,0
31104,0,0,0,1,1,1
31105,1,0,0,1,0,0
31106,0,0,0,1,0,0
32001,1,1,1,1,1,1
32002,0,0,0,1,1,1
32003,0,0,0,1,0,0
32004,0,0,0,1,1,1
32005,1,0,0,1,0,0
32006,0,0,0,1,1,1
32007,1,1,1,1,1,1
32008,0,0,0,1,1,1
32009,0,0,0,1,1,1
32010,1,1,1,1,1,1
32011,0,0,0,1,1,1
32012,0,0,0,1,1,1
32013,0,0,0,1,1,1
32014,1,1,1,1,1,1
32015,0,0,0,1,1,1
32016,1,1,1,1,1,1
32017,1,1,1,1,1,1
32018,0,0,0,1,0,0
32019,1,1,1,1,1,1
32020,1,1,1,1,1,1
32021,0,0,0,1,1,1
32022,1,1,1,1,1,1
32023,0,0,0,1,1,1
32024,1,1,1,1,1,1
32025,1,0,0,1,0,0
32026,1,1,1,1,1,1
32027,0,0,0,1,1,0
32028,0,0,0,1,1,1
32029,1,1,1,1,1,1
32030,0,0,0,1,0,0
32031,0,0,0,1,1,1
32032,0,0,0,1,1,1
32033,0,0,0,1,1,1
32034,1,1,1,1,1,1
32035,1,1,1,1,1,1
32036,1,1,1,1,1,1
32037,1,1,1,1,1,1
32038,1,1,1,1,1,1
32039,1,1,1,1,1,1
32040,1,1,1,1,1,1
32041,0,0,0,1,0,0
32042,1,1,1,1,1,1
32043,0,0,0,1,0,0
32044,1,1,1,1,1,1
32045,0,0,0,1,1,1
32046,1,1,1,1,1,1
32047,0,0,0,1,1,1
32048,1,1,1,1,1,1
32049,1,1,1,1,1,1
32050,1,1,1,1,1,1
32051,1,1,1,1,1,1
32052,1,0,0,1,0,0
32053,1,1,1,1,1,1
32054,1,1,1,1,1,1
32055,1,1,1,1,1,1
32056,1,1,1,1,1,1
32057,0,0,0,1,0,0
32058,0,0,0,1,1,1
